<?xml version="1.0" encoding="UTF-8"?>
<project-private xmlns="http://www.netbeans.org/ns/project-private/1">
    <editor-bookmarks xmlns="http://www.netbeans.org/ns/editor-bookmarks/2" lastBookmarkId="0"/>
    <open-files xmlns="http://www.netbeans.org/ns/projectui-open-files/2">
        <group>
            <file>file:/D:/2b.%20Programs/3.%20Genetic%20Algorithm%20with%20BCO%20for%20TSP/Program3/src/program3/Library.java</file>
            <file>file:/D:/2b.%20Programs/3.%20Genetic%20Algorithm%20with%20BCO%20for%20TSP/Program3/src/program3/GA.java</file>
            <file>file:/D:/2b.%20Programs/3.%20Genetic%20Algorithm%20with%20BCO%20for%20TSP/Program3/src/program3/Program3.java</file>
            <file>file:/D:/2b.%20Programs/3.%20Genetic%20Algorithm%20with%20BCO%20for%20TSP/Program3/src/program3/Population.java</file>
            <file>file:/D:/2b.%20Programs/3.%20Genetic%20Algorithm%20with%20BCO%20for%20TSP/Program3/src/program3/Solution.java</file>
        </group>
    </open-files>
</project-private>
